time,x
0.0,2.0
0.00010188585625637738,1.9999999490825306
0.0011207444188201512,1.9999938389862035
0.01112074441882015,1.9993933939587172
0.02112074441882015,1.997811948931231
0.03112074441882015,1.9952495039037448
0.04112074441882015,1.9917060588762585
0.051120744418820155,1.9871816138487723
0.06112074441882016,1.981676168821286
0.07112074441882016,1.9751897237937999
0.08112074441882015,1.9677222787663136
0.09112074441882015,1.9592738337388274
0.10112074441882014,1.949844388711341
0.11112074441882014,1.9394339436838548
0.12112074441882013,1.9280424986563685
0.13112074441882013,1.9156700536288822
0.14112074441882014,1.9023166086013958
0.15112074441882015,1.8879821635739096
0.16112074441882016,1.8726667185464234
0.17112074441882016,1.8563702735189371
0.18112074441882017,1.839092828491451
0.19112074441882018,1.8208343834639646
0.2011207444188202,1.8015949384364784
0.2111207444188202,1.7813744934089921
0.2211207444188202,1.760173048381506
0.23112074441882022,1.7379906033540196
0.24112074441882023,1.7148271583265333
0.2511207444188202,1.6906827132990472
0.2611207444188202,1.665557268271561
0.2711207444188202,1.6394508232440745
0.28112074441882023,1.6123633782165883
0.29112074441882024,1.5842949331891019
0.30112074441882025,1.5552454881616156
0.31112074441882026,1.5252150431341294
0.32112074441882027,1.494203598106643
0.3311207444188203,1.4622111530791568
0.3411207444188203,1.4292377080516705
0.3511207444188203,1.3952832630241843
0.3611207444188203,1.360347817996698
0.3711207444188203,1.3244313729692117
0.3811207444188203,1.2875339279417253
0.39112074441882033,1.249655482914239
0.40112074441882034,1.2107960378867526
0.41112074441882035,1.1709555928592663
0.42112074441882036,1.13013414783178
0.43112074441882037,1.0883317028042936
0.4411207444188204,1.0455482577768072
0.4511207444188204,1.0017838127493208
0.4611207444188204,0.9570383677218345
0.4711207444188204,0.9113119226943481
0.4811207444188204,0.8646044776668618
0.4911207444188204,0.8169160326393754
0.5011207444188204,0.7682465876118894
0.5111207444188204,0.718596142584403
0.5211207444188204,0.6679646975569166
0.5311207444188204,0.6163522525294302
0.5411207444188204,0.5637588075019437
0.5511207444188204,0.5101843624744573
0.5611207444188204,0.4556289174469709
0.5711207444188204,0.40009247241948453
0.5811207444188204,0.34357502739199813
0.5911207444188205,0.2860765823645117
0.6011207444188205,0.2275971373370253
0.6111207444188205,0.16813669230953887
0.6211207444188205,0.10769524728205246
0.6288996587977144,0.05999999999999993
0.6388996587977144,0.010152613229920157
0.6465170841226275,0.0033484810517196853
0.6541345094475407,0.02667505491146532
0.6606948474408363,0.06000000000000011
0.6706948474408363,0.11204422860993232
0.6806948474408363,0.16310745721986453
0.6906948474408363,0.21318968582979675
0.7006948474408363,0.26229091443972896
0.7106948474408363,0.31041114304966116
0.7206948474408363,0.35755037165959336
0.7306948474408363,0.40370860026952554
0.7406948474408364,0.4488858288794577
0.7506948474408364,0.4930820574893899
0.7606948474408364,0.536297286099322
0.7706948474408364,0.5785315147092542
0.7806948474408364,0.6197847433191864
0.7906948474408364,0.6600569719291186
0.8006948474408364,0.6993482005390508
0.8106948474408364,0.7376584291489829
0.8206948474408364,0.7749876577589151
0.8306948474408364,0.8113358863688472
0.8406948474408364,0.8467031149787794
0.8506948474408365,0.8810893435887115
0.8606948474408365,0.9144945721986436
0.8706948474408365,0.9469188008085757
0.8806948474408365,0.9783620294185078
0.8906948474408365,1.00882425802844
0.9006948474408365,1.038305486638372
0.9106948474408365,1.0668057152483041
0.9206948474408365,1.0943249438582363
0.9306948474408365,1.1208631724681684
0.9406948474408365,1.1464204010781005
0.9506948474408365,1.1709966296880325
0.9606948474408366,1.1945918582979647
0.9706948474408366,1.2172060869078967
0.9806948474408366,1.2388393155178288
0.9906948474408366,1.259491544127761
1.0006948474408366,1.279162772737693
1.0106948474408366,1.2978530013476253
1.0206948474408366,1.3155622299575573
1.0306948474408366,1.3322904585674895
1.0406948474408366,1.3480376871774216
1.0506948474408366,1.3628039157873537
1.0606948474408366,1.3765891443972857
1.0706948474408367,1.3893933730072179
1.0806948474408367,1.40121660161715
1.0906948474408367,1.412058830227082
1.1006948474408367,1.421920058837014
1.1106948474408367,1.430800287446946
1.1206948474408367,1.4386995160568783
1.1306948474408367,1.4456177446668104
1.1406948474408367,1.4515549732767425
1.1506948474408367,1.4565112018866746
1.1606948474408367,1.4604864304966068
1.1706948474408367,1.4634806591065388
1.1806948474408367,1.465493887716471
1.1906948474408368,1.466526116326403
1.2006948474408368,1.466577344936335
1.2106948474408368,1.465647573546267
1.2206948474408368,1.4637368021561992
1.2306948474408368,1.4608450307661311
1.2406948474408368,1.4569722593760632
1.2506948474408368,1.4521184879859952
1.2606948474408368,1.4462837165959272
1.2706948474408368,1.4394679452058594
1.2806948474408368,1.4316711738157915
1.2906948474408368,1.4228934024257236
1.3006948474408369,1.4131346310356556
1.3106948474408369,1.4023948596455877
1.3206948474408369,1.3906740882555197
1.3306948474408369,1.3779723168654519
1.340694847440837,1.3642895454753838
1.350694847440837,1.349625774085316
1.360694847440837,1.3339810026952479
1.370694847440837,1.31735523130518
1.380694847440837,1.299748459915112
1.390694847440837,1.281160688525044
1.400694847440837,1.2615919171349759
1.410694847440837,1.241042145744908
1.420694847440837,1.21951137435484
1.430694847440837,1.196999602964772
1.440694847440837,1.1735068315747041
1.450694847440837,1.1490330601846361
1.460694847440837,1.1235782887945682
1.470694847440837,1.0971425174045002
1.480694847440837,1.0697257460144323
1.490694847440837,1.0413279746243642
1.500694847440837,1.0119492032342963
1.510694847440837,0.9815894318442283
1.520694847440837,0.9502486604541603
1.530694847440837,0.9179268890640924
1.540694847440837,0.8846241176740244
1.550694847440837,0.8503403462839564
1.560694847440837,0.8150755748938884
1.570694847440837,0.7788298035038204
1.580694847440837,0.7416030321137523
1.5906948474408371,0.7033952607236843
1.6006948474408371,0.6642064893336163
1.6106948474408371,0.6240367179435482
1.6206948474408371,0.5828859465534802
1.6306948474408371,0.5407541751634123
1.6406948474408372,0.49764140377334426
1.6506948474408372,0.4535476323832762
1.6606948474408372,0.4084728609932082
1.6706948474408372,0.3624170896031402
1.6806948474408372,0.3153803182130721
1.6906948474408372,0.2673625468230041
1.7006948474408372,0.21836377543293606
1.7106948474408372,0.16838400404286802
1.7206948474408372,0.11742323265279997
1.7306948474408372,0.06548146126273191
1.7317392635454667,0.05999999999999985
1.7417392635454667,0.017488959401134693
1.7501340210876024,0.012554547864755452
1.758528778629738,0.03762971534302091
1.763593303280143,0.060000000000000143
1.773593303280143,0.10422180926309314
1.783593303280143,0.14746261852618614
1.793593303280143,0.18972242778927914
1.803593303280143,0.23100123705237213
1.813593303280143,0.2712990463154651
1.823593303280143,0.3106158555785581
1.833593303280143,0.3489516648416511
1.843593303280143,0.38630647410474406
1.853593303280143,0.42268028336783703
1.863593303280143,0.45807309263093
1.873593303280143,0.49248490189402294
1.883593303280143,0.5259157111571159
1.893593303280143,0.5583655204202088
1.903593303280143,0.5898343296833017
1.913593303280143,0.6203221389463947
1.923593303280143,0.6498289482094877
1.9335933032801431,0.6783547574725807
1.9435933032801431,0.7058995667356737
1.9535933032801431,0.7324633759987667
1.9635933032801431,0.7580461852618596
1.9735933032801432,0.7826479945249526
1.9835933032801432,0.8062688037880456
1.9935933032801432,0.8289086130511385
2.003593303280143,0.8505674223142314
2.013593303280143,0.8712452315773239
2.0235933032801428,0.8909420408404165
2.0335933032801425,0.9096578501035091
2.0435933032801423,0.9273926593666018
2.053593303280142,0.9441464686296944
2.063593303280142,0.9599192778927871
2.0735933032801417,0.9747110871558798
2.0835933032801415,0.9885218964189726
2.0935933032801413,1.0013517056820653
2.103593303280141,1.0132005149451582
2.113593303280141,1.0240683242082511
2.1235933032801406,1.0339551334713442
2.1335933032801404,1.042860942734437
2.14359330328014,1.05078575199753
2.15359330328014,1.0577295612606232
2.1635933032801398,1.0636923705237165
2.1735933032801396,1.0686741797868096
2.1835933032801393,1.0726749890499028
2.193593303280139,1.075694798312996
2.203593303280139,1.0777336075760893
2.2135933032801387,1.0787914168391826
2.2235933032801385,1.078868226102276
2.2335933032801383,1.0779640353653694
2.243593303280138,1.0760788446284628
2.253593303280138,1.0732126538915563
2.2635933032801376,1.0693654631546499
2.2735933032801374,1.0645372724177435
2.283593303280137,1.058728081680837
2.293593303280137,1.0519378909439308
2.303593303280137,1.0441667002070245
2.3135933032801366,1.0354145094701184
2.3235933032801364,1.025681318733212
2.333593303280136,1.014967127996306
2.343593303280136,1.0032719372594
2.3535933032801357,0.9905957465224938
2.3635933032801355,0.9769385557855877
2.3735933032801353,0.9623003650486818
2.383593303280135,0.9466811743117758
2.393593303280135,0.9300809835748699
2.4035933032801347,0.912499792837964
2.4135933032801344,0.8939376021010582
2.4235933032801342,0.8743944113641524
2.433593303280134,0.8538702206272467
2.443593303280134,0.832365029890341
2.4535933032801336,0.8098788391534354
2.4635933032801334,0.7864116484165298
2.473593303280133,0.7619634576796243
2.483593303280133,0.7365342669427187
2.4935933032801327,0.7101240762058133
2.5035933032801325,0.6827328854689079
2.5135933032801323,0.6543606947320024
2.523593303280132,0.6250075039950971
2.533593303280132,0.5946733132581917
2.5435933032801317,0.5633581225212865
2.5535933032801315,0.5310619317843812
2.5635933032801312,0.49778474104747605
2.573593303280131,0.4635265503105709
2.583593303280131,0.4282873595736658
2.5935933032801306,0.39206716883676074
2.6035933032801304,0.3548659780998557
2.61359330328013,0.3166837873629507
2.62359330328013,0.2775205966260458
2.6335933032801297,0.2373764058891409
2.6435933032801295,0.19625121515223606
2.6535933032801293,0.15414502441533126
2.663593303280129,0.1110578336784265
2.673593303280129,0.0669896429415218
2.6751592413656264,0.059999999999999346
2.6851592413656262,0.02375379803330622
2.6939360741354537,0.01992630048087491
2.702712906905281,0.04345445224416884
2.7070833224347037,0.06000000000000031
2.7170833224347035,0.09753562985904085
2.7270833224347033,0.13409025971808142
2.737083322434703,0.16966388957712203
2.747083322434703,0.2042565194361627
2.7570833224347027,0.2378681492952034
2.7670833224347025,0.27049877915424414
2.7770833224347022,0.30214840901328494
2.787083322434702,0.3328170388723258
2.797083322434702,0.36250466873136666
2.8070833224347016,0.3912112985904076
2.8170833224347014,0.4189369284494486
2.827083322434701,0.44568155830848954
2.837083322434701,0.47144518816753056
2.8470833224347007,0.4962278180265716
2.8570833224347005,0.5200294478856128
2.8670833224347003,0.542850077744654
2.8770833224347,0.5646897076036952
2.8870833224347,0.5855483374627365
2.8970833224346997,0.6054259673217778
2.9070833224346995,0.6243225971808191
2.9170833224346993,0.6422382270398604
2.927083322434699,0.6591728568989018
2.937083322434699,0.6751264867579433
2.9470833224346986,0.6900991166169848
2.9570833224346984,0.7040907464760263
2.967083322434698,0.7171013763350679
2.977083322434698,0.7291310061941095
2.9870833224346978,0.7401796360531512
2.9970833224346975,0.7502472659121929
3.0070833224346973,0.7593338957712347
3.017083322434697,0.7674395256302765
3.027083322434697,0.7745641554893183
3.0370833224346967,0.7807077853483603
3.0470833224346965,0.7858704152074022
3.0570833224346963,0.7900520450664442
3.067083322434696,0.7932526749254862
3.077083322434696,0.7954723047845282
3.0870833224346956,0.7967109346435703
3.0970833224346954,0.7969685645026124
3.107083322434695,0.7962451943616546
3.117083322434695,0.7945408242206968
3.127083322434695,0.7918554540797391
3.1370833224346946,0.7881890839387814
3.1470833224346944,0.7835417137978238
3.157083322434694,0.7779133436568662
3.167083322434694,0.7713039735159086
3.1770833224346937,0.7637136033749511
3.1870833224346935,0.7551422332339937
3.1970833224346933,0.7455898630930362
3.207083322434693,0.7350564929520788
3.217083322434693,0.7235421228111214
3.2270833224346926,0.711046752670164
3.2370833224346924,0.6975703825292068
3.247083322434692,0.6831130123882495
3.257083322434692,0.6676746422472923
3.267083322434692,0.6512552721063352
3.2770833224346916,0.6338549019653781
3.2870833224346914,0.615473531824421
3.297083322434691,0.596111161683464
3.307083322434691,0.575767791542507
3.3170833224346907,0.5544434214015501
3.3270833224346905,0.5321380512605932
3.3370833224346903,0.5088516811196364
3.34708332243469,0.4845843109786796
3.35708332243469,0.45933594083772283
3.3670833224346897,0.4331065706967661
3.3770833224346894,0.40589620055580944
3.3870833224346892,0.3777048304148528
3.397083322434689,0.3485324602738962
3.407083322434689,0.3183790901329397
3.4170833224346886,0.2872447199919832
3.4270833224346884,0.25512934985102675
3.437083322434688,0.22203297971007033
3.447083322434688,0.18795560956911395
3.4570833224346877,0.1528972394281576
3.4670833224346875,0.11685786928720131
3.4770833224346873,0.07983749914624505
3.4823357150757097,0.060000000000000026
3.4923357150757095,0.029108641998435568
3.5013143934665583,0.025971417321354433
3.510280044515429,0.04688454042209392
3.5143432906767553,0.06000000000000122
3.524343290676755,0.09182025684861429
3.534343290676755,0.12265951369722741
3.5443432906767547,0.15251777054584056
3.5543432906767545,0.18139502739445376
3.5643432906767543,0.209291284243067
3.574343290676754,0.2362065410916803
3.584343290676754,0.2621407979402936
3.5943432906767536,0.287094054788907
3.6043432906767534,0.3110663116375204
3.614343290676753,0.3340575684861339
3.624343290676753,0.3560678253347474
3.6343432906767528,0.3770970821833609
3.6443432906767526,0.39714533903197446
3.6543432906767523,0.41621259588058807
3.664343290676752,0.4342988527292017
3.674343290676752,0.4514041095778154
3.6843432906767517,0.46752836642642914
3.6943432906767515,0.4826716232750429
3.7043432906767513,0.49683388012365676
3.714343290676751,0.5100151369722706
3.724343290676751,0.5222153938208846
3.7343432906767506,0.5334346506694985
3.7443432906767504,0.5436729075181125
3.75434329067675,0.5529301643667265
3.76434329067675,0.5612064212153406
3.77434329067675,0.5685016780639547
3.7843432906767496,0.5748159349125689
3.7943432906767494,0.5801491917611831
3.804343290676749,0.5845014486097974
3.814343290676749,0.5878727054584116
3.8243432906767487,0.590262962307026
3.8343432906767485,0.5916722191556404
3.8443432906767483,0.5921004760042549
3.854343290676748,0.5915477328528693
3.864343290676748,0.5900139897014839
3.8743432906767477,0.5874992465500984
3.8843432906767474,0.584003503398713
3.8943432906767472,0.5795267602473276
3.904343290676747,0.5740690170959423
3.914343290676747,0.567630273944557
3.9243432906767466,0.5602105307931717
3.9343432906767464,0.5518097876417866
3.944343290676746,0.5424280444904014
3.954343290676746,0.5320653013390163
3.9643432906767457,0.5207215581876312
3.9743432906767455,0.5083968150362462
3.9843432906767453,0.49509107188486123
3.994343290676745,0.4808043287334763
4.004343290676745,0.46553658558209066
4.014343290676745,0.44928784243070574
4.024343290676745,0.4320580992793209
4.034343290676745,0.41384735612793605
4.0443432906767445,0.3946556129765513
4.054343290676744,0.37448286982516654
4.064343290676744,0.35332912667378186
4.074343290676744,0.3311943835223972
4.084343290676744,0.3080786403710126
4.094343290676743,0.2839818972196281
4.104343290676743,0.2589041540682436
4.114343290676743,0.2328454109168591
4.124343290676743,0.20580566776547465
4.1343432906767426,0.17778492461409026
4.144343290676742,0.14878318146270592
4.154343290676742,0.11880043831132162
4.164343290676742,0.08783669515993735
4.173074317152062,0.059999999999999706
4.1830743171520615,0.03368598412820285
4.193074317152061,0.03205896111532235
4.202171137440942,0.05170362635127847
4.205179263565435,0.059999999999998825
4.215179263565434,0.08693189054967233
4.225179263565434,0.11288278109934588
4.235179263565434,0.1378526716490195
4.245179263565434,0.1618415621986931
4.2551792635654335,0.18484945274836678
4.265179263565433,0.2068763432980405
4.275179263565433,0.22792223384771426
4.285179263565433,0.24798712439738807
4.295179263565433,0.2670710149470619
4.3051792635654325,0.2851739054967358
4.315179263565432,0.30229579604640977
4.325179263565432,0.31843668659608376
4.335179263565432,0.3335965771457578
4.345179263565432,0.34777546769543183
4.355179263565431,0.3609733582451059
4.365179263565431,0.37319024879478
4.375179263565431,0.3844261393444542
4.385179263565431,0.3946810298941284
4.3951792635654305,0.40395492044380266
4.40517926356543,0.41224781099347696
4.41517926356543,0.4195597015431513
4.42517926356543,0.4258905920928257
4.43517926356543,0.43124048264250014
4.4451792635654295,0.43560937319217463
4.455179263565429,0.43899726374184916
4.465179263565429,0.44140415429152374
4.475179263565429,0.44283004484119837
4.485179263565429,0.44327493539087304
4.495179263565428,0.4427388259405477
4.505179263565428,0.4412217164902224
4.515179263565428,0.43872360703989716
4.525179263565428,0.43524449758957195
4.5351792635654276,0.4307843881392468
4.545179263565427,0.4253432786889217
4.555179263565427,0.4189211692385966
4.565179263565427,0.4115180597882716
4.575179263565427,0.40313395033794663
4.5851792635654265,0.3937688408876217
4.595179263565426,0.3834227314372968
4.605179263565426,0.372095621986972
4.615179263565426,0.3597875125366472
4.625179263565426,0.34649840308632246
4.635179263565425,0.3322282936359977
4.645179263565425,0.316977184185673
4.655179263565425,0.30074507473534834
4.665179263565425,0.2835319652850237
4.675179263565425,0.26533785583469915
4.685179263565424,0.24616274638437463
4.695179263565424,0.22600663693405015
4.705179263565424,0.20486952748372572
4.715179263565424,0.18275141803340134
4.7251792635654235,0.159652308583077
4.735179263565423,0.1355721991327527
4.745179263565423,0.11051108968242845
4.755179263565423,0.08446898023210424
4.764249407289676,0.06000000000000046
4.774249407289676,0.037600991069141096
4.784249407289676,0.03608826571167403
4.793425241631955,0.05287029070082565
4.796472417989165,0.06000000000000058
4.8064724179891645,0.08275405216375552
4.816472417989164,0.1045271043275105
4.826472417989164,0.12531915649126552
4.836472417989164,0.14513020865502058
4.846472417989164,0.16396026081877568
4.856472417989163,0.18180931298253084
4.866472417989163,0.19867736514628603
4.876472417989163,0.21456441731004128
4.886472417989163,0.22947046947379654
4.8964724179891626,0.24339552163755185
4.906472417989162,0.25633957380130723
4.916472417989162,0.2683026259650626
4.926472417989162,0.279284678128818
4.936472417989162,0.2892857302925735
4.9464724179891615,0.298305782456329
4.956472417989161,0.30634483462008455
4.966472417989161,0.31340288678384015
4.976472417989161,0.3194799389475958
4.986472417989161,0.3245759911113515
4.99647241798916,0.32869104327510723
5.00647241798916,0.331825095438863
5.01647241798916,0.33397814760261885
5.02647241798916,0.3351501997663747
5.03647241798916,0.33534125193013065
5.046472417989159,0.3345513040938866
5.056472417989159,0.33278035625764263
5.066472417989159,0.3300284084213987
5.076472417989159,0.32629546058515474
5.0864724179891585,0.32158151274891084
5.096472417989158,0.315886564912667
5.106472417989158,0.30921061707642317
5.116472417989158,0.3015536692401794
5.126472417989158,0.2929157214039357
5.136472417989157,0.283296773567692
5.146472417989157,0.2726968257314484
5.156472417989157,0.2611158778952048
5.166472417989157,0.24855393005896126
5.176472417989157,0.23501098222271777
5.186472417989156,0.22048703438647432
5.196472417989156,0.2049820865502309
5.206472417989156,0.18849613871398752
5.216472417989156,0.17102919087774418
5.2264724179891555,0.1525812430415009
5.236472417989155,0.13315229520525765
5.246472417989155,0.11274234736901444
5.256472417989155,0.09135139953277127
5.266472417989155,0.06897945169652815
5.270367467199265,0.05999999999999979
5.280367467199265,0.040946948650620464
5.290367467199265,0.039531907693832614
5.29960448488623,0.05380288941756294
5.302730904963429,0.060000000000000754
5.312730904963429,0.07918326055466207
5.322730904963429,0.09738552110932344
5.332730904963428,0.11460678166398486
5.342730904963428,0.13084704221864632
5.352730904963428,0.14610630277330783
5.362730904963428,0.16038456332796935
5.3727309049634275,0.17368182388263093
5.382730904963427,0.18599808443729254
5.392730904963427,0.1973333449919542
5.402730904963427,0.20768760554661592
5.412730904963427,0.21706086610127767
5.4227309049634265,0.22545312665593947
5.432730904963426,0.23286438721060132
5.442730904963426,0.23929464776526319
5.452730904963426,0.2447439083199251
5.462730904963426,0.24921216887458705
5.472730904963425,0.25269942942924906
5.482730904963425,0.2552056899839111
5.492730904963425,0.25673095053857314
5.502730904963425,0.25727521109323526
5.5127309049634245,0.2568384716478974
5.522730904963424,0.2554207322025596
5.532730904963424,0.25302199275722187
5.542730904963424,0.24964225331188417
5.552730904963424,0.2452815138665465
5.5627309049634235,0.2399397744212089
5.572730904963423,0.23361703497587133
5.582730904963423,0.22631329553053378
5.592730904963423,0.21802855608519628
5.602730904963423,0.20876281663985882
5.612730904963422,0.1985160771945214
5.622730904963422,0.18728833774918405
5.632730904963422,0.17507959830384673
5.642730904963422,0.16188985885850946
5.652730904963422,0.14771911941317223
5.662730904963421,0.13256737996783502
5.672730904963421,0.11643464052249786
5.682730904963421,0.09932090107716074
5.692730904963421,0.08122616163182367
5.7027309049634205,0.06215042218648664
5.7038269407363495,0.059999999999999894
5.713826940736349,0.04380673310197726
5.723826940736349,0.04247518284206698
5.733118387555584,0.054569045260882784
5.736357868413033,0.06000000000000046
5.746357868413033,0.07613098648585964
5.7563578684130325,0.09128097297171887
5.766357868413032,0.10544995945757815
5.776357868413032,0.11863794594343746
5.786357868413032,0.13084493242929682
5.796357868413032,0.14207091891515622
5.8063578684130315,0.15231590540101567
5.816357868413031,0.16157989188687516
5.826357868413031,0.16986287837273467
5.836357868413031,0.17716486485859423
5.846357868413031,0.18348585134445383
5.85635786841303,0.18882583783031348
5.86635786841303,0.19318482431617318
5.87635786841303,0.19656281080203292
5.88635786841303,0.1989597972878927
5.89635786841303,0.20037578377375254
5.906357868413029,0.2008107702596124
5.916357868413029,0.20026475674547228
5.926357868413029,0.19873774323133223
5.936357868413029,0.19622972971719221
5.9463578684130285,0.19274071620305225
5.956357868413028,0.18827070268891233
5.966357868413028,0.18281968917477245
5.976357868413028,0.1763876756606326
5.986357868413028,0.1689746621464928
5.996357868413027,0.16058064863235302
6.006357868413027,0.1512056351182133
6.016357868413027,0.14084962160407363
6.026357868413027,0.129512608089934
6.036357868413027,0.11719459457579441
6.046357868413026,0.10389558106165486
6.056357868413026,0.08961556754751536
6.066357868413026,0.0743545540333759
6.0752260944244405,0.06
6.08522609442444,0.046251245938013545
6.09522609442444,0.044991062623297315
6.104571641259937,0.05520832274571345
6.10795747780904,0.059999999999999436
6.11795747780904,0.07352150304770903
6.12795747780904,0.08606200609541867
6.1379574778090396,0.09762150914312835
6.147957477809039,0.10820001219083808
6.157957477809039,0.11779751523854785
6.167957477809039,0.12641401828625767
6.177957477809039,0.13404952133396753
6.1879574778090385,0.14070402438167742
6.197957477809038,0.14637752742938737
6.207957477809038,0.15107003047709736
6.217957477809038,0.1547815335248074
6.227957477809038,0.15751203657251744
6.237957477809037,0.15926153962022754
6.247957477809037,0.1600300426679377
6.257957477809037,0.15981754571564788
6.267957477809037,0.15862404876335812
6.277957477809037,0.1564495518110684
6.287957477809036,0.15329405485877873
6.297957477809036,0.14915755790648907
6.307957477809036,0.14404006095419947
6.317957477809036,0.1379415640019099
6.3279574778090355,0.1308620670496204
6.337957477809035,0.12280157009733092
6.347957477809035,0.11376007314504148
6.357957477809035,0.10373757619275209
6.367957477809035,0.09273407924046274
6.377957477809034,0.08074958228817344
6.387957477809034,0.06778408533588418
6.3936252259784565,0.05999999999999979
6.403625225978456,0.04834113551417593
6.413625225978456,0.047141966006646774
6.423028899566417,0.05574656426279575
6.426597527609804,0.059999999999999575
6.436597527609804,0.07129002282429545
6.4465975276098035,0.08159904564859136
6.456597527609803,0.09092706847288731
6.466597527609803,0.09927409129718331
6.476597527609803,0.10664011412147935
6.486597527609803,0.11302513694577543
6.4965975276098025,0.11842915977007155
6.506597527609802,0.12285218259436771
6.516597527609802,0.12629420541866393
6.526597527609802,0.12875522824296018
6.536597527609802,0.13023525106725647
6.546597527609801,0.13073427389155282
6.556597527609801,0.13025229671584918
6.566597527609801,0.12878931954014558
6.576597527609801,0.12634534236444203
6.5865975276098006,0.12292036518873853
6.5965975276098,0.11851438801303507
6.6065975276098,0.11312741083733166
6.6165975276098,0.10675943366162828
6.6265975276098,0.09941045648592495
6.6365975276097995,0.09108047931022166
6.646597527609799,0.08176950213451842
6.656597527609799,0.07147752495881521
6.666597527609799,0.060204547783112045
6.666771285495555,0.05999999999999993
6.676771285495555,0.05012828893701284
6.6867712854955546,0.048981294929853585
6.696240679077944,0.05620219467864055
6.7000346206310795,0.06000000000000043
6.710034620631079,0.06938109011026314
6.720034620631079,0.0777811802205259
6.730034620631079,0.0852002703307887
6.740034620631079,0.09163836044105153
6.750034620631078,0.09709545055131441
6.760034620631078,0.10157154066157734
6.770034620631078,0.1050666307718403
6.780034620631078,0.1075807208821033
6.7900346206310775,0.10911381099236635
6.800034620631077,0.10966590110262944
6.810034620631077,0.10923699121289257
6.820034620631077,0.10782708132315574
6.830034620631077,0.10543617143341896
6.8400346206310765,0.10206426154368221
6.850034620631076,0.09771135165394551
6.860034620631076,0.09237744176420885
6.870034620631076,0.08606253187447223
6.880034620631076,0.07876662198473565
6.890034620631075,0.07048971209499912
6.900034620631075,0.06123180220526262
6.901290280371404,0.060000000000000296
6.911290280371404,0.05165711970954415
6.921290280371403,0.05055475953712902
6.930836510464312,0.056589209918810404
6.934907400695053,0.05999999999999992
6.944907400695053,0.0677471925598895
6.954907400695053,0.0745133851197791
6.964907400695052,0.08029857767966876
6.974907400695052,0.08510277023955845
6.984907400695052,0.08892596279944819
6.994907400695052,0.09176815535933797
7.004907400695052,0.09362934791922779
7.014907400695051,0.09450954047911765
7.024907400695051,0.09440873303900756
7.034907400695051,0.0933269255988975
7.044907400695051,0.09126411815878749
7.0549074006950505,0.08822031071867752
7.06490740069505,0.08419550327856759
7.07490740069505,0.0791896958384577
7.08490740069505,0.07320288839834785
7.09490740069505,0.06623508095823805
7.102852203139288,0.05999999999999993
7.112852203139288,0.05296567963719905
7.122852203139288,0.051901522546913145
7.132490440959178,0.05691871646883308
7.136902735521544,0.059999999999999734
7.146902735521544,0.06634755642164322
7.156902735521544,0.07171411284328676
7.1669027355215436,0.07609966926493032
7.176902735521543,0.07950422568657393
7.186902735521543,0.08192778210821759
7.196902735521543,0.0833703385298613
7.206902735521543,0.08383189495150503
7.2169027355215425,0.08331245137314881
7.226902735521542,0.08181200779479264
7.236902735521542,0.0793305642164365
7.246902735521542,0.0758681206380804
7.256902735521542,0.07142467705972436
7.266902735521541,0.06600023348136835
7.276312652374624,0.06000000000000012
7.286312652374624,0.054086623703360814
7.296312652374624,0.05305519229671859
7.306063285062063,0.057199802227427494
7.310899308761718,0.05999999999999997
7.320899308761717,0.06514708885043446
7.330899308761717,0.069313177700869
7.340899308761717,0.07249826655130359
7.350899308761717,0.07470235540173821
7.3608993087617165,0.07592544425217287
7.370899308761716,0.07616753310260758
7.380899308761716,0.07542862195304233
7.390899308761716,0.07370871080347711
7.400899308761716,0.07100779965391195
7.410899308761715,0.06732588850434683
7.420899308761715,0.06266297735478174
7.425834861268029,0.059999999999999984
7.435834861268029,0.0550480571529517
7.445834861268029,0.05404469455711446
7.455725579893499,0.05744008825960408
7.46109287816491,0.06000000000000005
7.47109287816491,0.06411542631159109
7.48109287816491,0.06724985262318216
7.49109287816491,0.06940327893477327
7.5010928781649095,0.07057570524636443
7.511092878164909,0.07076713155795562
7.521092878164909,0.06997755786954686
7.531092878164909,0.06820698418113814
7.541092878164909,0.06545541049272946
7.5510928781649085,0.06172283680432082
7.554995555261569,0.06000000000000004
7.564995555261569,0.055874297609022655
7.574995555261569,0.05489505689811734
7.584995555261568,0.057619419072244375
7.5911079180684355,0.05999999999999984
7.601107918068435,0.06322600575997364
7.611107918068435,0.06547101151994748
7.621107918068435,0.06673501727992137
7.631107918068435,0.06701802303989529
7.6411079180684345,0.06632002879986926
7.651107918068434,0.06464103455984327
7.661107918068434,0.06198104031981732
7.666877658332938,0.059999999999999984
7.676877658332938,0.05658661894912957
7.6868776583329375,0.05562817428285562
7.696877658332937,0.057729559734623674
7.704100477683144,0.059999999999999935
7.714100477683144,0.06245507534422424
7.724100477683144,0.06392915068844858
7.7341004776831435,0.06442222603267296
7.744100477683143,0.06393430137689739
7.754100477683143,0.06246537672112186
7.764100477683143,0.06001545206534637
7.76415298215255,0.059999999999999935
7.7741529821525495,0.05720404361497218
7.784152982152549,0.05626362450849045
7.794152982152549,0.05782502726849683
7.802861238971453,0.06000000000000003
7.812861238971453,0.06178071622714672
7.822861238971453,0.06258043245429344
7.832861238971453,0.06239914868144021
7.8428612389714525,0.06123686490858702
7.849165341461703,0.059999999999999956
7.859165341461702,0.057744126019315764
7.869165341461702,0.05681947448450839
7.879165341461702,0.05790853597503767
7.888785174121404,0.05979821720828243
7.8899475511478405,0.060000000000000005
7.89994755114784,0.06118078468400927
7.90994755114784,0.06138056936801857
7.91994755114784,0.06059935405202792
7.924020633390639,0.060000000000000026
7.934020633390639,0.058224600683413744
7.944020633390639,0.05731397648710678
7.9540206333906385,0.05798282800418312
7.9635229017860425,0.0594217853925581
7.967904416091631,0.05999999999999999
7.977904416091631,0.06062482563596201
7.987904416091631,0.06026865127192408
7.99064296116731,0.05999999999999991
8.0,0.05875551940598816
